<?xml version="1.0" encoding="UTF-8" standalone="yes"?>
<app version="1.0">
	<name>Devolution</name>
	<coder>tueidj</coder>
	<version>r266</version>
	<release_date>20150816235124</release_date>
	<short_description>Devolution Gamecube Loader</short_description>
	<long_description>This is a simple loader for the Devolution engine. Disk images must be stored in /games/. Use a gamecube controller to select and load a game. If the disc slot flashes twice, insert the original disc. If a USB Gecko is in slot B make sure you have a terminal program running to dump the output.</long_description>
<ahb_access />
</app>
