<?xml version="1.0" encoding="UTF-8" standalone="yes"?>
<app version="1">
  <name>OurLoader</name>
  <coder>OurBrew (coc4tm)</coder>
  <version>1.0</version>
  <release_date>20160910200000</release_date>
  <url>https://github.com/OurBrew/OurLoader</url>
  <short_description>Lancez vos disques de toutes régions !</short_description>
<long_description>
Lancez vos disques de toutes régions !

Basé sur Wii U hello world , DDD et easy_lib (gros merci a @rw-r-r-0644)

Utulise des patchs de @QuarkTheAwesome , @wj444 and @rw-r-r-0644

Version francaise pour logic-sunrise.com
</long_description>

</app>
