<?xml version="1.0" encoding="UTF-8" standalone="yes"?>
<app version="1">
  <name>HB App Store Dark</name>
  <coder>vgmoose</coder>
  <version>1.0</version>
  <release_date>20160209200000</release_date>
  <short_description>Download homebrew apps</short_description>
<long_description>Homebrew App Store allows you to download homebrew apps for HBL directly in the app. Installed apps can also be reinstalled, updated, or deleted. It is an attempt at a poor man's Cydia for Wii U!

Music by (T-T)b (google t tb chiptunes!)
Thanks to pwsincd, brienj, and dimok!

source code: https://github.com/vgmoose/hbas
This copy is precompiled for http://wiiubru.com/appstore
The only difference to the original hbas is the dark theme

</long_description>

</app>
